cohort,count,resolved_count,avg_sentiment,avg_urgency,avg_complexity,avg_messages,resolution_rate
standard_support,5596,0,0.11062328448892066,0.028115320467000236,0.1929929116035263,1.0,0.0
frustrated_customer,669,0,-0.5505257100149477,0.046836073741903336,0.2282311908320877,1.0,0.0
